Scenario ID,Title,Groups,Envelope,Type,Tax Year,Engine Version,Reference Version,Expected (Total/CGT),Actual (Total/CGT),Primary Variance,Outcome,EL-001 Zone,Notes
RW-S4-001,"Extreme: £1,000,000 invoice from zero — all IT and NI bands at maximum scale",stage4; ext; stress,income_tax,income_tax,2026/27,uk-2026-27-v1,ref-2026/27-v1.0,454945.60,454945.60,0.00,PASS,Yes,EL-001 zone: engine v2.0.0 resolved — zero variance expected and confirmed
RW-S4-002,"Extreme: £500k YTD, £50k invoice — entirely at ceiling rates with PA already gone",stage4; ext; stress,income_tax,income_tax,2026/27,uk-2026-27-v1,ref-2026/27-v1.0,23500.00,23500.00,0.00,PASS,No,
RW-S4-003,Extreme: pension far exceeds total income — ANI floored to zero throughout,stage4; ext; stress; pension; ebrl_cap,income_tax,income_tax,2026/27,uk-2026-27-v1,ref-2026/27-v1.0,7131.80,7131.80,0.00,PASS,No,
RW-S4-004,"Extreme: £500k day-job salary + invoice — freelance NI at basic rate, IT at 45%",stage4; ext; stress,income_tax,income_tax,2026/27,uk-2026-27-v1,ref-2026/27-v1.0,9445.80,9445.80,0.00,PASS,No,
RW-S4-005,Extreme: all five SL plans + pension at annual allowance + £50k invoice crossing PA elimination,stage4; ext; el001_family; pension; student_loan; all_components; stress,income_tax,income_tax,2026/27,uk-2026-27-v1,ref-2026/27-v1.0,47014.00,47014.00,0.00,PASS,Yes,EL-001 zone: engine v2.0.0 resolved — zero variance expected and confirmed
RW-S4-006,Extreme: all five SL plans + £200k invoice from zero — maximum SL exposure,stage4; ext; student_loan; stress,income_tax,income_tax,2026/27,uk-2026-27-v1,ref-2026/27-v1.0,151328.40,151328.40,0.00,PASS,Yes,EL-001 zone: engine v2.0.0 resolved — zero variance expected and confirmed
RW-S4-007,Extreme: £1 invoice at the top of the 40% band — last penny before ART,stage4; ext; stress,income_tax,income_tax,2026/27,uk-2026-27-v1,ref-2026/27-v1.0,0.52,0.52,0.00,PASS,Yes,EL-001 zone: engine v2.0.0 resolved — zero variance expected and confirmed
RW-S4-008,Extreme: £1 invoice at the ART boundary — first pound of 45% additional rate,stage4; ext; stress,income_tax,income_tax,2026/27,uk-2026-27-v1,ref-2026/27-v1.0,0.47,0.47,0.00,PASS,No,
RW-S4-009,"Boundary: invoice ends exactly at BRL/UPL (£50,270) — no higher-rate IT, no upper NI",stage4; bnd,income_tax,income_tax,2026/27,uk-2026-27-v1,ref-2026/27-v1.0,9802.00,9802.00,0.00,PASS,No,
RW-S4-010,Boundary: invoice starts exactly at BRL/UPL — entire invoice at 40% IT and 2% NI,stage4; bnd,income_tax,income_tax,2026/27,uk-2026-27-v1,ref-2026/27-v1.0,4200.00,4200.00,0.00,PASS,No,
RW-S4-011,"Boundary: invoice straddles BRL and UPL simultaneously (both at £50,270)",stage4; bnd,income_tax,income_tax,2026/27,uk-2026-27-v1,ref-2026/27-v1.0,3400.00,3400.00,0.00,PASS,No,
RW-S4-012,"Boundary: invoice ends exactly at ART (£125,140) from zero — PA eliminated, no 45%",stage4; bnd; el001_family,income_tax,income_tax,2026/27,uk-2026-27-v1,ref-2026/27-v1.0,43761.40,43761.40,0.00,PASS,Yes,EL-001 zone: engine v2.0.0 resolved — zero variance expected and confirmed
RW-S4-013,Boundary: invoice starts exactly at ART — entire invoice at 45% additional rate,stage4; bnd,income_tax,income_tax,2026/27,uk-2026-27-v1,ref-2026/27-v1.0,4700.00,4700.00,0.00,PASS,No,
RW-S4-014,"Boundary: invoice from zero ends exactly at taper entry (ANI = £100,000) — PA still £12,570",stage4; bnd; el001_family,income_tax,income_tax,2026/27,uk-2026-27-v1,ref-2026/27-v1.0,30688.60,30688.60,0.00,PASS,No,
RW-S4-015,Boundary: pension sets eBRL exactly at ART — EL-003 cap at exact boundary,stage4; bnd; pension; ebrl_cap,income_tax,income_tax,2026/27,uk-2026-27-v1,ref-2026/27-v1.0,2200.00,2200.00,0.00,PASS,No,
RW-S4-016,"Boundary: SL Plan 2 — invoice starts exactly at threshold (£29,385)",stage4; bnd; student_loan,income_tax,income_tax,2026/27,uk-2026-27-v1,ref-2026/27-v1.0,350.00,350.00,0.00,PASS,No,
RW-S4-017,"Boundary: SL Plan 5 — invoice straddles fixed threshold (£25,000) exactly",stage4; bnd; student_loan,income_tax,income_tax,2026/27,uk-2026-27-v1,ref-2026/27-v1.0,305.00,305.00,0.00,PASS,No,
RW-S4-018,"Boundary: income ends exactly at PA = LPL = £12,570 — IT = 0, NI = 0",stage4; bnd,income_tax,income_tax,2026/27,uk-2026-27-v1,ref-2026/27-v1.0,0.00,0.00,0,PASS,No,
RW-S4-019,"Invariant: non-negativity — pension > income, ANI = 0; IT must not be negative",stage4; inv; pension,income_tax,income_tax,2026/27,uk-2026-27-v1,ref-2026/27-v1.0,631.80,631.80,0.00,PASS,No,
RW-S4-020,Invariant: SL is independent of pension — pension reduces IT/ANI but not SL income,stage4; inv; pension; student_loan,income_tax,income_tax,2026/27,uk-2026-27-v1,ref-2026/27-v1.0,3105.35,3105.35,0.00,PASS,No,
RW-S4-021,"Invariant: NI is independent of pension — NI on gross profit, pension affects IT only",stage4; inv; pension,income_tax,income_tax,2026/27,uk-2026-27-v1,ref-2026/27-v1.0,3710.80,3710.80,0.00,PASS,No,
RW-S4-022,Invariant: zero-tax floor — income below all thresholds produces zero total tax,stage4; inv; student_loan,income_tax,income_tax,2026/27,uk-2026-27-v1,ref-2026/27-v1.0,0.00,0.00,0,PASS,No,
RW-S4-023,Invariant: ROUND_HALF_UP for IT at 20% — £0.005 rounds UP to £0.01,stage4; inv; rounding,income_tax,income_tax,2026/27,uk-2026-27-v1,ref-2026/27-v1.0,0.01,0.01,0.00,PASS,No,
RW-S4-024,Invariant: ROUND_HALF_UP for NI at 2% upper rate — £0.005 rounds UP to £0.01,stage4; inv; rounding,income_tax,income_tax,2026/27,uk-2026-27-v1,ref-2026/27-v1.0,0.12,0.12,0.00,PASS,No,
RW-S4-025,Invariant: ROUND_HALF_UP for SL at 9% — £0.045 rounds UP to £0.05,stage4; inv; rounding; student_loan,income_tax,income_tax,2026/27,uk-2026-27-v1,ref-2026/27-v1.0,0.18,0.18,0.00,PASS,No,
RW-S4-026,Invariant: component additivity — IT + NI + SL equals the reported Total,stage4; inv; pension; student_loan,income_tax,income_tax,2026/27,uk-2026-27-v1,ref-2026/27-v1.0,3500.00,3500.00,0.00,PASS,No,
RW-S4-027,Validation: zero invoice — engine must reject; UNSUPPORTED_EXPECTED,stage4; val,income_tax,income_tax,2026/27,2.0.1,ref-1.0.0,Engine validates invoice_amount > 0; zero invoice is an out-of-scope input. Confirmed at Stage 2 (RW-S2-136) and re-confirmed at Final Gate.,Engine validates invoice_amount > 0; zero invoice is an out-of-scope input. Confirmed at Stage 2 (RW-S2-136) and re-confirmed at Final Gate.,,UNSUPPORTED_EXPECTED,No,Engine validates invoice_amount > 0; zero invoice is an out-of-scope input. Confirmed at Stage 2 (RW-S2-136) and re-confirmed at Final Gate.
RW-S4-028,Validation: single-penny invoice entirely within PA — all components zero,stage4; val,income_tax,income_tax,2026/27,uk-2026-27-v1,ref-2026/27-v1.0,0.00,0.00,0,PASS,No,
RW-S4-029,Validation: pension far exceeds income — ANI = 0; no negative tax,stage4; val; pension; ebrl_cap,income_tax,income_tax,2026/27,uk-2026-27-v1,ref-2026/27-v1.0,9731.80,9731.80,0.00,PASS,No,
RW-S4-030,"Validation: CGT — gain exactly equals AEA; zero taxable gain, zero CGT",stage4; val; cgt,cgt,cgt,2026/27,uk-cgt-2026-27-preview-v1,ref-cgt-2026/27-v1.0,0.00,0.00,0,PASS,No,
RW-S4-031,Validation: CGT — all gain at 18% basic rate when taxable income is zero,stage4; val; cgt,cgt,cgt,2026/27,uk-cgt-2026-27-preview-v1,ref-cgt-2026/27-v1.0,3060.00,3060.00,0.00,PASS,No,
RW-S4-032,Validation: CGT — brought-forward losses exceed gain; net gain = 0; CGT = 0,stage4; val; cgt,cgt,cgt,2026/27,uk-cgt-2026-27-preview-v1,ref-cgt-2026/27-v1.0,0.00,0.00,0,PASS,No,
